Local,Endereço
Orlando Vineland Premium Outlets,"8200 Vineland Ave, Orlando, FL 32821"
Orlando International Premium Outlets,"4951 International Dr, Orlando, FL 32819"
Lake Buena Vista Factory Stores,"15657 S Apopka Vineland Rd, Orlando, FL 32821"
The Loop,"3208 N John Young Pkwy, Kissimmee, FL 34741"
Orlando Outlet Marketplace,"5269 International Dr, Orlando, FL 32819"
Winter Garden Village,"3130 Daniels Rd, Winter Garden, FL 34787"
The Florida Mall,"8001 S Orange Blossom Trl, Orlando, FL 32809"
The Mall at Millenia,"4200 Conroy Rd, Orlando, FL 32839"
Altamonte Mall,"451 E Altamonte Dr, Altamonte Springs, FL 32701"
Pointe Orlando,"9101 International Dr, Orlando, FL 32819"
Disney Springs,"1486 E Buena Vista Dr, Lake Buena Vista, FL 32830"
